{
    "activeClient":"NEBSLTRADE",
    "addressLine1":"5-9-22, 3 RD , 301,",
    "addressLine2":"MY HOME SAROVAR PLAZA, NEAR SECRETARIAT ROAD,HYDERABAD, 500063.",
    "mainLogo":"Login-Logo.png",
    "footerLogo":"NEBSLTRADEfooter.png",
    "supportContact":"9848032690",
    "tradeContact":"040 66918888,04066918820",
    "email":"ITSUPPORT@NORTHEASTLTD.COM",
    "website":"https://www.northeastltd.com",
    "registrationNo":"",
    "SEBI_NSE_Registration":"INZ000164233",
    "SEBI_MCX_Registration":"INZ000164233",
    "MembershipDetailNSE":"09701, BSE:933",
    "MembershipDetailMCX":"31610",
    "aboutUs":"Northeast Broking Services Ltd, founded in 1995, is one of the largest Investment companies based in Andhra Pradesh & Telangana with 50 professionals, 100 support staff and an extensive network in Andhra Pradesh, Karnataka, Kerala, Maharashtra, Tamil Nadu and rapidly entering all over India.Northeast is a premier broking, trading and clearing member for BSE Cash and F&O, NSE Cash, NSE Currency segment and F&O. The Company is also a trading member with the largest commodity exchanges in the country namely NCDEX, MCX . It is a also registered as a Depositary Participant (DP) with NSDL and CDSL.With nearly 17 years in business, Northeast is known for its financial strength, stability, superior customer service and continued operational excellence.",
    "termsConditions":"The following should be read carefully and accepted prior to becoming a Constituent for offline and online trading i.e. for trading availing the facilities and/or any information, or any part thereof, as the case may be, as may be made available from time to time on the Web-Site and/or entering into any securities dealings through the agency of NORTHEAST BROKING SERVICES LTD whether by use of any of the facilities available on the Web-Site, or by any other means whatsoever. Please read the following, which contains important information concerning use of the Web Site. The use of the Web Site is conditional upon and subject to, acceptance of and compliance with, the Terms. And whereas for offline the Constituent can avail the facilities subject to acceptance of and compliance with the terms contained herein"
 }