{
    "activeClient":"activeClient",
    "addressLine1":"C-25, MIQB - First Floor,",
    "addressLine2":"Sector -58 Noida, Gautam Buddha Nagar 201301 Uttar Pradesh, India",
    "mainLogo":"clientLogo.png",
    "footerLogo":"aiwinfooter.png",
    "supportContact":"00000000",
    "tradeContact":"000000000",
    "email":"suport@dion.com",
    "website":"http://www.dion.com",
    "registrationNo":"0NB0000000",
    "SEBI_NSE_Registration":"INZxxxxxx",
    "SEBI_MCX_Registration":"INZxxxxxx",
    "MembershipDetailNSE":"xxx-xxx",
    "MembershipDetailMCX":"xx-xx-xx",
    "aboutUs":"Dion Global Solutions is a leading technology solution provider, partnering with global banking and financial institutions to optimise the processing of business operations and transform their customer experience. With over three decades of experience in building creative software solutions for Trading; Distribution Products like Mutual Fund, IPO, OFS, Bond & FD, risk and compliance, we understand the needs of our customers and build customised solutions to address their specific requirements",
    "termsConditions":"The following should be read carefully and accepted prior to becoming a Constituent for offline and online trading i.e. for trading availing the facilities and/or any information, or any part thereof, as the case may be, as may be made available from time to time on the Web-Site and/or entering into any securities dealings through the agency of AIWIN whether by use of any of the facilities available on the Web-Site, or by any other means whatsoever. Please read the following, which contains important information concerning use of the Web Site. The use of the Web Site is conditional upon and subject to, acceptance of and compliance with, the Terms. And whereas for offline the Constituent can avail the facilities subject to acceptance of and compliance with the terms contained herein"
 }