{
    "activeClient":"activeClient",
    "addressLine1":"NO 23E , 1ST FLOOR , WEST PARK ROAD,",
    "addressLine2":"SHENOY NAGAR , CHENNAI 600030",
    "mainLogo":"Login-Logo.png",
    "footerLogo":"aiwinfooter.png",
    "supportContact":"8925089250",
    "tradeContact":"8925089250",
    "email":"suport@aiwin.com",
    "website":"http://www.aiwin.com",
    "registrationNo":"0NBS009866",
    "SEBI_NSE_Registration":"INZ000036426",
    "SEBI_MCX_Registration":"INZ000074434",
    "MembershipDetailNSE":"90082",
    "MembershipDetailMCX":"55085",
    "aboutUs":"AIWIN INVESTMENT MONEY(AIM) is a young dynamic and innovative vision company With an aim to be one of the best service brooking firms in India, AIWINMONEY entered the industry as a young, dynamic and innovative vision company. <br> AIWIN is geared towards the retail private sector through dynamic thinking and substantial investment of capital. AIWIN is backed by a team of highly experienced individuals, some who possess 18 years of work experience in the stock market. <br> This experience enables them to understand the versatile demands of this industry and the concerns of the customers. We believe in capitalising on our experience and emerging as a cutting-edge financial trading service provider. With the help of advanced technology, we have been able to deliver excellent products to our customers which are second to none.The management team at AIWIN sensed some of the challenges faced by traders using traditional, online-based brokers plagued by delays in trade executions, excessive spread, and poor customer support. As a solution to these challenges and to provide a better trading experience, AIWIN provided superior technology that uses fast executions, low spreads, and intelligent customer-service.Though AIWIN is a relatively new firm, our management team is well-versed with the tricks of the trade. We offer consistent, professional and convenient solutions to traders and constantly improve, create and develop new solutions. AIWINMONEY is a one-stop shop for all investment needs of the customer. We aim to revolutionize the industry by offering traders better service, spreads and execution",
    "termsConditions":"The following should be read carefully and accepted prior to becoming a Constituent for offline and online trading i.e. for trading availing the facilities and/or any information, or any part thereof, as the case may be, as may be made available from time to time on the Web-Site and/or entering into any securities dealings through the agency of AIWIN whether by use of any of the facilities available on the Web-Site, or by any other means whatsoever. Please read the following, which contains important information concerning use of the Web Site. The use of the Web Site is conditional upon and subject to, acceptance of and compliance with, the Terms. And whereas for offline the Constituent can avail the facilities subject to acceptance of and compliance with the terms contained herein"
 }