{
    "activeClient":"activeClient",
    "addressLine1":"Nagpokhari, Naxal, Kathmandu",
    "addressLine2":"Nepal",
    "mainLogo":"Login-Logo.png",
    "footerLogo":"aiwinfooter.png",
    "supportContact":"01-5970084,4440384",
    "tradeContact":"051-534340",
    "email":"naasa@naasasecurities.com.np",
    "website":"http://www.naasasecurities.com.np/",
    "registrationNo":"xxxxxxxxxxx",
    "SEBI_NSE_Registration":"xxxxxxxxxxx",
    "SEBI_MCX_Registration":"xxxxxxxxxxx",
    "MembershipDetailNSE":"xxxxx",
    "MembershipDetailMCX":"xxxxx",
    "aboutUs":"Naasa Securities Company Ltd. is one of the leading Brokerage Firm of stock trading in Nepal. The company received the license from the market regulator, Security Board of Nepal (SEBON), and is the member of Nepal Stock Exchange Ltd. (NEPSE).Established in 2007, we have been operating brokerage business from 2012. In the very short span of time our existence, we are one of the major market contributors. Our company has a market share of roughly 10 percent of total market volume from fiscal year 2016-17.At Naasa Securities, we constantly and consistently strive to grow and better ourselves without compromising on the quality of services we provide. We believe in ethical business practices and we aim to achieve high standards of doing business with our stakeholders",
    "termsConditions":"The following should be read carefully and accepted prior to becoming a Constituent for offline and online trading i.e. for trading availing the facilities and/or any information, or any part thereof, as the case may be, as may be made available from time to time on the Web-Site and/or entering into any securities dealings through the agency of AIWIN whether by use of any of the facilities available on the Web-Site, or by any other means whatsoever. Please read the following, which contains important information concerning use of the Web Site. The use of the Web Site is conditional upon and subject to, acceptance of and compliance with, the Terms. And whereas for offline the Constituent can avail the facilities subject to acceptance of and compliance with the terms contained herein"
 }